
{
	"body" : 
	[
		
		{
			"angle" : 0,
			"angularVelocity" : 0,
			"awake" : true,
			"customProperties" : 
			[
				
				{
					"name" : "model",
					"string" : "copter1"
				}
			],
			"fixture" : 
			[
				
				{
					"density" : 1,
					"friction" : 0.2,
					"name" : "root",
					"polygon" : 
					{
						"vertices" : 
						{
							"x" : 
							[
								0.2974635362625122,
								0.2974635362625122,
								-0.2974635362625122,
								-0.2974635362625122
							],
							"y" : 
							[
								-0.3857486844062805,
								0.5066419243812561,
								0.5066419243812561,
								-0.3857486844062805
							]
						}
					}
				}
			],
			"linearVelocity" : 
			{
				"x" : 0,
				"y" : 0
			},
			"massData-I" : 0.05283168330788612,
			"massData-center" : 
			{
				"x" : 0,
				"y" : 0.06044662371277809
			},
			"massData-mass" : 0.5309073328971863,
			"name" : "root",
			"position" : 
			{
				"x" : 0,
				"y" : 0
			},
			"type" : 2
		}
	]
}
