
{
	"body" : 
	[
		
		{
			"angle" : 0,
			"angularVelocity" : 0,
			"awake" : true,
			"customProperties" : 
			[
				
				{
					"name" : "Model",
					"string" : "chain1"
				}
			],
			"fixture" : 
			[
				
				{
					"density" : 1,
					"filter-categoryBits" : 0,
					"friction" : 0.2,
					"name" : "fixture0",
					"polygon" : 
					{
						"vertices" : 
						{
							"x" : 
							[
								0.05268480256199837,
								0.05268480256199837,
								-0.05268480256199837,
								-0.05268480256199837
							],
							"y" : 
							[
								-0.1118206977844238,
								0.1064448356628418,
								0.1064448356628418,
								-0.1118206977844238
							]
						}
					}
				}
			],
			"linearVelocity" : 0,
			"massData-I" : 0.0001127490540966392,
			"massData-center" : 
			{
				"x" : 0,
				"y" : -0.002687930827960372
			},
			"massData-mass" : 0.02299855276942253,
			"name" : "ring4",
			"position" : 
			{
				"x" : 0,
				"y" : -1.244190335273743
			},
			"type" : 2
		},
		
		{
			"angle" : 0,
			"angularVelocity" : 0,
			"awake" : true,
			"customProperties" : 
			[
				
				{
					"name" : "Model",
					"string" : "bridle"
				}
			],
			"fixture" : 
			[
				
				{
					"density" : 1,
					"filter-categoryBits" : 0,
					"friction" : 0.2,
					"name" : "fixture0",
					"polygon" : 
					{
						"vertices" : 
						{
							"x" : 
							[
								0.06918432563543320,
								0.06918432563543320,
								-0.06918432563543320,
								-0.06918432563543320
							],
							"y" : 
							[
								-0.442077636718750,
								0.4126058816909790,
								0.4126058816909790,
								-0.442077636718750
							]
						}
					}
				}
			],
			"linearVelocity" : 0,
			"massData-I" : 0.007413369603455067,
			"massData-center" : 
			{
				"x" : 0,
				"y" : -0.01473587751388550
			},
			"massData-mass" : 0.1182614043354988,
			"name" : "bridle",
			"position" : 
			{
				"x" : 0,
				"y" : -1.970039963722229
			},
			"type" : 2
		},
		
		{
			"angle" : 0,
			"angularVelocity" : 0,
			"awake" : true,
			"customProperties" : 
			[
				
				{
					"name" : "Model",
					"string" : "chain1"
				}
			],
			"fixture" : 
			[
				
				{
					"density" : 1,
					"filter-categoryBits" : 0,
					"friction" : 0.2,
					"name" : "fixture0",
					"polygon" : 
					{
						"vertices" : 
						{
							"x" : 
							[
								0.05268480256199837,
								0.05268480256199837,
								-0.05268480256199837,
								-0.05268480256199837
							],
							"y" : 
							[
								-0.1118207573890686,
								0.1064448356628418,
								0.1064448356628418,
								-0.1118207573890686
							]
						}
					}
				}
			],
			"linearVelocity" : 0,
			"massData-I" : 0.0001127491414081305,
			"massData-center" : 
			{
				"x" : 0,
				"y" : -0.002687960863113403
			},
			"massData-mass" : 0.02299856022000313,
			"name" : "ring2",
			"position" : 
			{
				"x" : 0,
				"y" : -0.8141078948974609
			},
			"type" : 2
		},
		
		{
			"angle" : 0,
			"angularVelocity" : 0,
			"awake" : true,
			"customProperties" : 
			[
				
				{
					"name" : "Model",
					"string" : "chain2"
				}
			],
			"fixture" : 
			[
				
				{
					"density" : 1,
					"filter-categoryBits" : 0,
					"friction" : 0.2,
					"name" : "fixture0",
					"polygon" : 
					{
						"vertices" : 
						{
							"x" : 
							[
								0.03763200342655182,
								0.03763200342655182,
								-0.03763200342655182,
								-0.03763200342655182
							],
							"y" : 
							[
								-0.1118209362030029,
								0.1064445972442627,
								0.1064445972442627,
								-0.1118209362030029
							]
						}
					}
				}
			],
			"linearVelocity" : 0,
			"massData-I" : 7.309053762583062e-05,
			"massData-center" : 
			{
				"x" : 0,
				"y" : -0.002688169479370117
			},
			"massData-mass" : 0.01642753928899765,
			"name" : "ring5",
			"position" : 
			{
				"x" : 0,
				"y" : -1.459230303764343
			},
			"type" : 2
		},
		
		{
			"angle" : 0,
			"angularVelocity" : 0,
			"awake" : true,
			"customProperties" : 
			[
				
				{
					"name" : "Model",
					"string" : "chain2"
				}
			],
			"fixture" : 
			[
				
				{
					"density" : 1,
					"filter-categoryBits" : 0,
					"friction" : 0.2,
					"name" : "fixture0",
					"polygon" : 
					{
						"vertices" : 
						{
							"x" : 
							[
								0.03763199970126152,
								0.03763199970126152,
								-0.03763199970126152,
								-0.03763199970126152
							],
							"y" : 
							[
								-0.1118207573890686,
								0.1064448356628418,
								0.1064448356628418,
								-0.1118207573890686
							]
						}
					}
				}
			],
			"linearVelocity" : 0,
			"massData-I" : 7.309056672966108e-05,
			"massData-center" : 
			{
				"x" : 0,
				"y" : -0.002687960863113403
			},
			"massData-mass" : 0.01642754115164280,
			"name" : "ring1",
			"position" : 
			{
				"x" : 0,
				"y" : -0.5990687608718872
			},
			"type" : 2
		},
		
		{
			"angle" : 0,
			"angularVelocity" : 0,
			"awake" : true,
			"customProperties" : 
			[
				
				{
					"name" : "Model",
					"string" : "chain2"
				}
			],
			"fixture" : 
			[
				
				{
					"density" : 1,
					"filter-categoryBits" : 0,
					"friction" : 0.2,
					"name" : "fixture0",
					"polygon" : 
					{
						"vertices" : 
						{
							"x" : 
							[
								0.03763200342655182,
								0.03763200342655182,
								-0.03763200342655182,
								-0.03763200342655182
							],
							"y" : 
							[
								-0.1118208169937134,
								0.1064448952674866,
								0.1064448952674866,
								-0.1118208169937134
							]
						}
					}
				}
			],
			"linearVelocity" : 0,
			"massData-I" : 7.309069042094052e-05,
			"massData-center" : 
			{
				"x" : 0,
				"y" : -0.002687960863113403
			},
			"massData-mass" : 0.01642755232751369,
			"name" : "ring3",
			"position" : 
			{
				"x" : 0,
				"y" : -1.029150366783142
			},
			"type" : 2
		},
		
		{
			"angle" : 0,
			"angularVelocity" : 0,
			"awake" : true,
			"customProperties" : 
			[
				
				{
					"name" : "Model",
					"string" : "chain1"
				}
			],
			"fixture" : 
			[
				
				{
					"density" : 1,
					"filter-categoryBits" : 0,
					"friction" : 0.2,
					"name" : "fixture0",
					"polygon" : 
					{
						"vertices" : 
						{
							"x" : 
							[
								0.05268480256199837,
								0.05268480256199837,
								-0.05268480256199837,
								-0.05268480256199837
							],
							"y" : 
							[
								-0.1118207573890686,
								0.1064448356628418,
								0.1064448356628418,
								-0.1118207573890686
							]
						}
					}
				}
			],
			"linearVelocity" : 0,
			"massData-I" : 0.0001127491414081305,
			"massData-center" : 
			{
				"x" : 0,
				"y" : -0.002687960863113403
			},
			"massData-mass" : 0.02299856022000313,
			"name" : "root",
			"position" : 
			{
				"x" : 0,
				"y" : -0.3840287625789642
			},
			"type" : 2
		},
		
		{
			"angle" : 0,
			"angularVelocity" : 0,
			"awake" : true,
			"customProperties" : 
			[
				
				{
					"name" : "Model",
					"string" : "ball"
				}
			],
			"fixture" : 
			[
				
				{
					"circle" : 
					{
						"center" : 
						{
							"x" : -1.101917668222541e-08,
							"y" : 0.0002502553979866207
						},
						"radius" : 0.3777752816677094
					},
					"density" : 0.6549586057662964,
					"filter-groupIndex" : -1,
					"friction" : 0.2,
					"name" : "fixture1"
				}
			],
			"linearVelocity" : 0,
			"massData-I" : 0.02095406316220760,
			"massData-center" : 
			{
				"x" : -1.101917668222541e-08,
				"y" : 0.0002502553979866207
			},
			"massData-mass" : 0.2936505377292633,
			"name" : "head",
			"position" : 
			{
				"x" : 0,
				"y" : -2.277539968490601
			},
			"type" : 2
		}
	],
	"joint" : 
	[
		
		{
			"anchorA" : 
			{
				"x" : 0,
				"y" : -0.1958740949630737
			},
			"anchorB" : 0,
			"bodyA" : 1,
			"bodyB" : 7,
			"maxLength" : 0.1127226278185844,
			"name" : "joint7",
			"type" : "rope"
		},
		
		{
			"anchorA" : 
			{
				"x" : 0,
				"y" : -0.3075000047683716
			},
			"anchorB" : 0,
			"bodyA" : 1,